run_name,label,seed,model_type,epochs,final_epoch,runtime_sec,cpu_rss_delta_mb,peak_gpu_memory_mb,parameter_count,final_loss,final_l2,final_linf,best_loss,best_loss_epoch,best_l2,best_l2_epoch,best_linf,best_linf_epoch,config_source,config_path,run_dir
classical_pi,Classical + PI,42,classical,12,12,17.24123585689813,950.8046875,22.60498046875,2241,62.2103007337165,1.003809688984002,1.0857765110148836,27.931038460268187,8,1.003809688984002,12,1.0857765110148836,12,/root/projects/PINNs/configs/benchmark_te_qpinn_ablation_classical_pi.yaml,outputs/benchmarks/te_qpinn_ablation/seed_42/classical_pi/config.generated.yaml,outputs/benchmarks/te_qpinn_ablation/seed_42/classical_pi
full_te_pi,Full TE-QPINN + PI,42,te_qpinn_surrogate,12,12,46.34414008492604,44.171875,27.0205078125,2306,71.44351373243468,0.8868416039958169,0.9461805008930232,22.624903476711964,8,0.8868416039958169,12,0.9461805008930232,12,/root/projects/PINNs/configs/benchmark_te_qpinn_ablation_full_te_pi.yaml,outputs/benchmarks/te_qpinn_ablation/seed_42/full_te_pi/config.generated.yaml,outputs/benchmarks/te_qpinn_ablation/seed_42/full_te_pi
no_residual_pi,TE no residual + PI,42,te_qpinn_surrogate,12,12,41.782918523065746,0.0,26.3173828125,2273,49.15147704642502,0.8755874808574585,1.193846542702007,22.06305779284503,8,0.8755874808574585,12,0.8937662178108895,1,/root/projects/PINNs/configs/benchmark_te_qpinn_ablation_no_residual_pi.yaml,outputs/benchmarks/te_qpinn_ablation/seed_42/no_residual_pi/config.generated.yaml,outputs/benchmarks/te_qpinn_ablation/seed_42/no_residual_pi
residual_scale_005_pi,TE residual scale 0.05 + PI,42,te_qpinn_surrogate,12,12,48.48249755008146,0.0,27.0205078125,2306,72.2925463758876,0.9166118112298575,0.985341478281083,23.258887777354506,8,0.9166118112298575,12,0.985341478281083,12,/root/projects/PINNs/configs/benchmark_te_qpinn_ablation_residual_scale_005_pi.yaml,outputs/benchmarks/te_qpinn_ablation/seed_42/residual_scale_005_pi/config.generated.yaml,outputs/benchmarks/te_qpinn_ablation/seed_42/residual_scale_005_pi
residual_scale_020_pi,TE residual scale 0.20 + PI,42,te_qpinn_surrogate,12,12,44.35079991305247,0.0,27.0205078125,2306,70.05241121361556,0.8275454622082664,0.86919086343603,21.439985655335526,8,0.8275454622082664,12,0.86919086343603,12,/root/projects/PINNs/configs/benchmark_te_qpinn_ablation_residual_scale_020_pi.yaml,outputs/benchmarks/te_qpinn_ablation/seed_42/residual_scale_020_pi/config.generated.yaml,outputs/benchmarks/te_qpinn_ablation/seed_42/residual_scale_020_pi
var_hidden_16_pi,TE variational hidden 16 + PI,42,te_qpinn_surrogate,12,12,44.61176983383484,0.0,26.9677734375,1794,59.68765612115963,1.039426844541897,1.1219804376254712,27.15115403933303,8,1.039426844541897,12,1.0676037833129433,3,/root/projects/PINNs/configs/benchmark_te_qpinn_ablation_var_hidden_16_pi.yaml,outputs/benchmarks/te_qpinn_ablation/seed_42/var_hidden_16_pi/config.generated.yaml,outputs/benchmarks/te_qpinn_ablation/seed_42/var_hidden_16_pi
var_hidden_64_pi,TE variational hidden 64 + PI,42,te_qpinn_surrogate,12,12,44.53669677884318,0.0,29.51513671875,3330,57.82311490782593,1.0006027196553142,1.1886535648354455,24.545386252542265,8,1.0006027196553142,12,0.8831422885923037,1,/root/projects/PINNs/configs/benchmark_te_qpinn_ablation_var_hidden_64_pi.yaml,outputs/benchmarks/te_qpinn_ablation/seed_42/var_hidden_64_pi/config.generated.yaml,outputs/benchmarks/te_qpinn_ablation/seed_42/var_hidden_64_pi
small_embedding_pi,TE small embedding + PI,42,te_qpinn_surrogate,12,12,41.60947758494876,0.0,26.22998046875,1502,51.631270832362226,1.0040518044384519,1.1237586749999402,20.107768267786724,8,0.9889557875015486,9,1.1237586749999402,12,/root/projects/PINNs/configs/benchmark_te_qpinn_ablation_small_embedding_pi.yaml,outputs/benchmarks/te_qpinn_ablation/seed_42/small_embedding_pi/config.generated.yaml,outputs/benchmarks/te_qpinn_ablation/seed_42/small_embedding_pi
large_embedding_pi,TE large embedding + PI,42,te_qpinn_surrogate,12,12,43.939932491164654,0.0,27.08447265625,3062,53.545563741401644,0.9241753043157268,1.056716877092238,22.89708480928157,8,0.9241753043157268,12,1.0183694265999954,3,/root/projects/PINNs/configs/benchmark_te_qpinn_ablation_large_embedding_pi.yaml,outputs/benchmarks/te_qpinn_ablation/seed_42/large_embedding_pi/config.generated.yaml,outputs/benchmarks/te_qpinn_ablation/seed_42/large_embedding_pi
